{
  "name": "angelsbioprocessing",
  "version": "0.3.3",
  "factorio_version": "0.14",
  "title": "Angel's Bio Processing",
  "author": "Arch666Angel",
  "contact": "",
  "homepage": "https://forums.factorio.com/viewforum.php?f=185",
  "description": "Adds ways to recycle and process waste products through biological means and make use of biological processes and farming.",
  "dependencies": [
  "base >= 0.14.0",
  "angelspetrochem >= 0.4.0",
  "angelsrefining >= 0.6.0",
  "? bobenemies >= 0.14.0"
  ]
}
